Horizon,Unverified_95,Unverified_98,Unverified_99,Verified_98_v70,Verified_98_v90
1,0.95,0.98,0.99,0.994,0.998
2,0.9025,0.9603999999999999,0.9801,0.988036,0.996004
3,0.8573749999999999,0.9411919999999999,0.970299,0.982107784,0.994011992
4,0.8145062499999999,0.9223681599999999,0.96059601,0.976215137296,0.992023968016
5,0.7737809374999998,0.9039207967999999,0.9509900498999999,0.970357846472224,0.990039920079968
6,0.7350918906249998,0.8858423808639999,0.941480149401,0.9645356993933907,0.9880598402398081
7,0.6983372960937497,0.8681255332467199,0.9320653479069899,0.9587484851970303,0.9860837205593285
8,0.6634204312890623,0.8507630225817855,0.9227446944279201,0.9529959942858481,0.9841115531182097
9,0.6302494097246091,0.8337477621301498,0.9135172474836408,0.947278018320133,0.9821433300119734
10,0.5987369392383787,0.8170728068875467,0.9043820750088044,0.9415943502102122,0.9801790433519494
11,0.5688000922764597,0.8007313507497958,0.8953382542587164,0.9359447841089509,0.9782186852652455
12,0.5403600876626367,0.7847167237347998,0.8863848717161292,0.9303291154042972,0.976262247894715
13,0.5133420832795048,0.7690223892601038,0.8775210229989678,0.9247471407118714,0.9743097233989256
14,0.48767497911552954,0.7536419414749017,0.8687458127689782,0.9191986578676001,0.9723611039521277
15,0.46329123015975304,0.7385691026454038,0.8600583546412884,0.9136834659203946,0.9704163817442235
16,0.44012666865176536,0.7237977205924956,0.8514577710948755,0.9082013651248722,0.9684755489807351
17,0.4181203352191771,0.7093217661806457,0.8429431933839268,0.9027521569341229,0.9665385978827735
18,0.3972143184582182,0.6951353308570327,0.8345137614500875,0.8973356439925182,0.964605520687008
19,0.37735360253530725,0.6812326242398921,0.8261686238355866,0.8919516301285632,0.962676309645634
20,0.3584859224085419,0.6676079717550942,0.8179069375972308,0.8865999203477918,0.9607509570263427
21,0.3405616262881148,0.6542558123199923,0.8097278682212584,0.881280320825705,0.95882945511229
22,0.323533544973709,0.6411706960735924,0.8016305895390459,0.8759926389007507,0.9569117962020655
23,0.3073568677250236,0.6283472821521207,0.7936142836436554,0.8707366830673462,0.9549979726096613
24,0.2919890243387724,0.6157803365090783,0.7856781408072188,0.8655122629689421,0.953087976664442
25,0.27738957312183377,0.6034647297788966,0.7778213593991467,0.8603191893911285,0.9511818007111131
26,0.26352009446574204,0.5913954351833187,0.7700431458051551,0.8551572742547817,0.9492794371096909
27,0.2503440897424549,0.5795675264796523,0.7623427143471035,0.850026330609253,0.9473808782354715
28,0.23782688525533216,0.5679761759500592,0.7547192872036326,0.8449261726255975,0.9454861164790005
29,0.22593554099256555,0.5566166524310581,0.7471720943315961,0.8398566155898439,0.9435951442460425
30,0.21463876394293727,0.5454843193824369,0.7397003733882802,0.8348174758963048,0.9417079539575505
31,0.2039068257457904,0.5345746329947881,0.7323033696543975,0.829808571040927,0.9398245380496354
32,0.19371148445850087,0.5238831403348924,0.7249803359578534,0.8248297196146814,0.9379448889735361
33,0.18402591023557582,0.5134054775281945,0.7177305325982749,0.8198807412969934,0.9360689991955891
34,0.174824614723797,0.5031373679776306,0.7105532272722921,0.8149614568492114,0.9341968611971978
35,0.16608338398760716,0.493074620618078,0.7034476949995692,0.8100716881081161,0.9323284674748035
36,0.1577792147882268,0.48321312820571644,0.6964132180495735,0.8052112579794674,0.9304638105398538
37,0.14989025404881545,0.4735488656416021,0.6894490858690777,0.8003799904315906,0.9286028829187741
38,0.14239574134637467,0.46407788832877,0.682554595010387,0.795577710489001,0.9267456771529365
39,0.13527595427905592,0.45479633056219465,0.6757290490602831,0.790804244226067,0.9248921857986306
40,0.12851215656510312,0.44570040395095073,0.6689717585696803,0.7860594187607106,0.9230424014270334
41,0.12208654873684796,0.4367863958719317,0.6622820409839835,0.7813430622481463,0.9211963166241793
42,0.11598222130000556,0.42805066795449304,0.6556592205741436,0.7766550038746575,0.919353923990931
43,0.11018311023500528,0.4194896545954032,0.6491026283684022,0.7719950738514095,0.9175152161429492
44,0.10467395472325501,0.41109986150349515,0.6426116020847181,0.767363103408301,0.9156801857106632
45,0.09944025698709225,0.4028778642734252,0.6361854860638709,0.7627589247878512,0.9138488253392419
46,0.09446824413773763,0.39482030698795667,0.6298236312032323,0.7581823712391241,0.9120211276885635
47,0.08974483193085075,0.38692390084819756,0.6235253948912,0.7536332770116894,0.9101970854331863
48,0.0852575903343082,0.3791854228312336,0.617290140942288,0.7491114773496192,0.9083766912623199
49,0.0809947108175928,0.3716017143746089,0.611117239532865,0.7446168084855216,0.9065599378797953
50,0.07694497527671315,0.36416968008711675,0.6050060671375364,0.7401491076346084,0.9047468180040357
51,0.07309772651287749,0.3568862864853744,0.598956006466161,0.7357082129888007,0.9029373243680276
52,0.06944284018723361,0.3497485607556669,0.5929664464014994,0.731293963710868,0.9011314497192916
53,0.06597069817787193,0.34275358954055357,0.5870367819374844,0.7269061999286027,0.899329186819853
54,0.06267216326897833,0.3358985177497425,0.5811664141181095,0.7225447627290311,0.8975305284462133
55,0.05953855510552941,0.3291805473947476,0.5753547499769285,0.7182094941526569,0.8957354673893209
56,0.056561627350252934,0.32259693644685267,0.5696012024771592,0.713900237187741,0.8939439964545421
57,0.053733545982740286,0.3161449977179156,0.5639051904523875,0.7096168357646145,0.8921561084616331
58,0.051046868683603266,0.3098220977635573,0.5582661385478637,0.7053591347500269,0.8903717962447099
59,0.048494525249423104,0.30362565580828615,0.5526834771623851,0.7011269799415266,0.8885910526522204
60,0.046069798986951946,0.2975531426921204,0.5471566423907612,0.6969202180618775,0.886813870546916
61,0.043766309037604346,0.291602079838278,0.5416850759668536,0.6927386967535062,0.8850402428058222
62,0.04157799358572413,0.2857700382415124,0.536268225207185,0.6885822645729852,0.8832701623202105
63,0.03949909390643792,0.2800546374766822,0.5309055429551132,0.6844507709855473,0.8815036219955701
64,0.03752413921111602,0.2744535447271485,0.525596487525562,0.680344066359634,0.8797406147515789
65,0.03564793225056022,0.2689644738326056,0.5203405226503064,0.6762620019614762,0.8779811335220757
66,0.033865535638032206,0.26358518435595346,0.5151371174238033,0.6722044299497073,0.8762251712550316
67,0.03217225885613059,0.25831348066883436,0.5099857462495653,0.6681712033700091,0.8744727209125216
68,0.030563645913324063,0.2531472110554577,0.5048858887870696,0.664162176149789,0.8727237754706965
69,0.02903546361765786,0.2480842668343485,0.4998370298991989,0.6601772030928903,0.8709783279197552
70,0.027583690436774964,0.24312258149766153,0.49483865960020695,0.6562161398743329,0.8692363712639156
71,0.026204505914936217,0.2382601298677083,0.4898902730042049,0.652278843035087,0.8674978985213878
72,0.024894280619189402,0.23349492727035415,0.48499137027416284,0.6483651699768764,0.865762902724345
73,0.023649566588229934,0.22882502872494703,0.4801414565714212,0.6444749789570151,0.8640313769188963
74,0.022467088258818435,0.2242485281504481,0.47534004200570695,0.640608129083273,0.8623033141650585
75,0.02134373384587751,0.21976355758743912,0.4705866415856499,0.6367644803087734,0.8605787075367284
76,0.020276547153583634,0.21536828643569034,0.46588077516979337,0.6329438934269208,0.8588575501216549
77,0.01926271979590445,0.21106092070697655,0.46122196741809546,0.6291462300663593,0.8571398350214117
78,0.01829958380610923,0.206839702292837,0.4566097477439145,0.6253713526859611,0.8554255553513688
79,0.017384604615803767,0.20270290824698026,0.45204365026647536,0.6216191245698454,0.8537147042406661
80,0.01651537438501358,0.19864885008204064,0.4475232137638106,0.6178894098224262,0.8520072748321847
81,0.0156896056657629,0.19467587308039982,0.4430479816261725,0.6141820733634917,0.8503032602825203
82,0.014905125382474753,0.19078235561879184,0.43861750180991077,0.6104969809233107,0.8486026537619553
83,0.014159869113351015,0.186966708506416,0.43423132679181164,0.6068339990377709,0.8469054484544314
84,0.013451875657683464,0.18322737433628766,0.4298890135238935,0.6031929950435442,0.8452116375575225
85,0.012779281874799289,0.1795628268495619,0.4255901233886546,0.5995738370732829,0.8435212142824074
86,0.012140317781059324,0.17597157031257069,0.421334222154768,0.5959763940508432,0.8418341718538427
87,0.011533301892006357,0.17245213890631925,0.41712087993322033,0.5924005356865382,0.840150503510135
88,0.01095663679740604,0.16900309612819286,0.41294967113388814,0.588846132472419,0.8384702025031147
89,0.010408804957535737,0.16562303420562902,0.40882017442254925,0.5853130556775844,0.8367932620981084
90,0.00988836470965895,0.16231057352151643,0.4047319726783238,0.5818011773435189,0.8351196755739123
91,0.009393946474176,0.1590643620510861,0.40068465295154054,0.5783103702794579,0.8334494362227645
92,0.008924249150467202,0.15588307481006436,0.3966778064220251,0.5748405080577811,0.8317825373503189
93,0.00847803669294384,0.1527654133138631,0.39271102835780486,0.5713914650094344,0.8301189722756183
94,0.008054134858296648,0.1497101050475858,0.3887839180742268,0.5679631162193778,0.828458734331067
95,0.007651428115381815,0.14671590294663409,0.38489607889348454,0.5645553375220616,0.8268018168624048
96,0.007268856709612724,0.1437815848877014,0.38104711810454966,0.5611680054969291,0.82514821322868
97,0.006905413874132088,0.1409059531899474,0.37723664692350417,0.5578009974639475,0.8234979168022227
98,0.006560143180425483,0.13808783412614842,0.37346428045426916,0.5544541914791639,0.8218509209686182
99,0.006232136021404208,0.13532607744362546,0.36972963764972644,0.5511274663302889,0.820207219126681
100,0.0059205292203339975,0.13261955589475294,0.3660323412732292,0.5478207015323071,0.8185668046884277
