Velocity_mps,Velocity_kmph,Reaction_Drift_m,Handshake_Drift_m,Blend_Drift_m,Braking_Distance_m,Total_Distance_m
5.0,18.0,5.0,0.1,0.3699375,1.9000520833333336,7.369989583333333
5.303030303030303,19.09090909090909,5.303030303030303,0.10606060606060606,0.3926647727272727,2.1488659798745027,7.950621661692685
5.606060606060606,20.181818181818183,5.606060606060606,0.11212121212121214,0.41539204545454544,2.412984437174779,8.546558300811142
5.909090909090909,21.272727272727273,5.909090909090909,0.11818181818181818,0.43811931818181815,2.6924074552341604,9.157799500688705
6.212121212121212,22.363636363636363,6.212121212121212,0.12424242424242424,0.46084659090909086,2.9871350340526477,9.784345261325374
6.515151515151516,23.454545454545457,6.515151515151516,0.1303030303030303,0.4835738636363636,3.2971671736302426,10.426195582721153
6.818181818181818,24.545454545454547,6.818181818181818,0.13636363636363638,0.5063011363636364,3.622503873966943,11.083350464876034
7.121212121212121,25.636363636363637,7.121212121212121,0.14242424242424243,0.5290284090909091,3.963145135062749,11.755809907790022
7.424242424242424,26.727272727272727,7.424242424242424,0.14848484848484847,0.5517556818181818,4.319090956917662,12.443573911463115
7.7272727272727275,27.81818181818182,7.7272727272727275,0.15454545454545454,0.5744829545454546,4.690341339531681,13.146642475895318
8.030303030303031,28.909090909090914,8.030303030303031,0.1606060606060606,0.5972102272727273,5.076896282904808,13.865015601086625
8.333333333333334,30.000000000000004,8.333333333333334,0.16666666666666669,0.6199375,5.478755787037038,14.598693287037039
8.636363636363637,31.090909090909093,8.636363636363637,0.17272727272727273,0.6426647727272727,5.895919851928376,15.347675533746557
8.93939393939394,32.18181818181818,8.93939393939394,0.1787878787878788,0.6653920454545454,6.3283884775788195,16.111962341215182
9.242424242424242,33.27272727272727,9.242424242424242,0.18484848484848485,0.6881193181818182,6.776161663988368,16.891553709442913
9.545454545454547,34.36363636363637,9.545454545454547,0.19090909090909094,0.710846590909091,7.239239411157027,17.686449638429757
9.848484848484848,35.45454545454545,9.848484848484848,0.19696969696969696,0.7335738636363636,7.717621719084787,18.496650128175695
10.151515151515152,36.54545454545455,10.151515151515152,0.20303030303030306,0.7563011363636364,8.211308587771658,19.32215517868075
10.454545454545455,37.63636363636364,10.454545454545455,0.2090909090909091,0.7790284090909091,8.720300017217632,20.162964789944905
10.757575757575758,38.72727272727273,10.757575757575758,0.21515151515151515,0.8017556818181818,9.244596007422713,21.01907896196817
11.06060606060606,39.81818181818182,11.06060606060606,0.22121212121212122,0.8244829545454545,9.7841965583869,21.890497694750536
11.363636363636363,40.90909090909091,11.363636363636363,0.22727272727272727,0.8472102272727272,10.339101670110193,22.777220988292008
11.666666666666668,42.00000000000001,11.666666666666668,0.23333333333333336,0.8699375000000001,10.909311342592595,23.679248842592596
11.969696969696969,43.090909090909086,11.969696969696969,0.23939393939393938,0.8926647727272726,11.494825575834097,24.59658125765228
12.272727272727273,44.18181818181819,12.272727272727273,0.24545454545454548,0.9153920454545454,12.095644369834714,25.529218233471077
12.575757575757576,45.27272727272727,12.575757575757576,0.2515151515151515,0.9381193181818182,12.71176772459443,26.477159770048978
12.878787878787879,46.36363636363637,12.878787878787879,0.25757575757575757,0.9608465909090909,13.343195640113256,27.440405867385984
13.181818181818182,47.45454545454545,13.181818181818182,0.2636363636363636,0.9835738636363636,13.989928116391185,28.418956525482095
13.484848484848484,48.54545454545455,13.484848484848484,0.2696969696969697,1.0063011363636363,14.651965153428222,29.41281174433731
13.787878787878789,49.63636363636364,13.787878787878789,0.2757575757575758,1.0290284090909092,15.329306751224367,30.42197152395164
14.090909090909092,50.727272727272734,14.090909090909092,0.28181818181818186,1.051755681818182,16.021952909779618,31.446435864325075
14.393939393939394,51.81818181818182,14.393939393939394,0.2878787878787879,1.0744829545454546,16.72990362909397,32.48620476545761
14.696969696969697,52.909090909090914,14.696969696969697,0.29393939393939394,1.0972102272727273,17.45315890916743,33.54127822734925
15.0,54.0,15.0,0.3,1.1199375,18.19171875,34.611656249999996
15.303030303030303,55.09090909090909,15.303030303030303,0.3060606060606061,1.1426647727272727,18.945583151591673,35.69733883340986
15.606060606060606,56.18181818181818,15.606060606060606,0.31212121212121213,1.1653920454545454,19.714752113942456,36.79832597757882
15.90909090909091,57.27272727272728,15.90909090909091,0.31818181818181823,1.1881193181818182,20.499225637052344,37.914617682506886
16.21212121212121,58.36363636363636,16.21212121212121,0.3242424242424242,1.2108465909090909,21.29900372092133,39.04621394819406
16.515151515151516,59.45454545454546,16.515151515151516,0.3303030303030303,1.2335738636363636,22.11408636554943,40.193114774640335
16.81818181818182,60.545454545454554,16.81818181818182,0.3363636363636364,1.2563011363636365,22.94447357093664,41.35532016184573
17.12121212121212,61.63636363636364,17.12121212121212,0.3424242424242424,1.279028409090909,23.790165337082943,42.53283010981022
17.424242424242422,62.72727272727272,17.424242424242422,0.34848484848484845,1.3017556818181817,24.651161663988358,43.725644618533806
17.727272727272727,63.81818181818182,17.727272727272727,0.35454545454545455,1.3244829545454544,25.52746255165289,44.933763688016526
18.03030303030303,64.90909090909092,18.03030303030303,0.36060606060606065,1.3472102272727273,26.41906800007652,46.15718731825834
18.333333333333336,66.00000000000001,18.333333333333336,0.3666666666666667,1.3699375000000003,27.325978009259263,47.39591550925927
18.636363636363637,67.0909090909091,18.636363636363637,0.37272727272727274,1.3926647727272727,28.2481925792011,48.649948261019276
18.939393939393938,68.18181818181817,18.939393939393938,0.3787878787878788,1.4153920454545452,29.18571170990204,49.9192855735384
19.242424242424242,69.27272727272728,19.242424242424242,0.38484848484848483,1.4381193181818182,30.138535401362102,51.20392744681665
19.545454545454547,70.36363636363637,19.545454545454547,0.39090909090909093,1.460846590909091,31.106663653581265,52.503873880853995
19.84848484848485,71.45454545454547,19.84848484848485,0.39696969696969703,1.4835738636363638,32.09009646655954,53.819124875650445
20.151515151515152,72.54545454545455,20.151515151515152,0.40303030303030307,1.5063011363636365,33.08883384029691,55.149680431205994
20.454545454545453,73.63636363636364,20.454545454545453,0.40909090909090906,1.529028409090909,34.10287577479338,56.495540547520655
20.757575757575758,74.72727272727273,20.757575757575758,0.41515151515151516,1.551755681818182,35.13222227004897,57.85670522459442
21.060606060606062,75.81818181818183,21.060606060606062,0.42121212121212126,1.5744829545454546,36.176873326063664,59.2331744624273
21.363636363636363,76.9090909090909,21.363636363636363,0.42727272727272725,1.5972102272727273,37.236828942837455,60.62494826101927
21.666666666666668,78.0,21.666666666666668,0.43333333333333335,1.6199375,38.312089120370366,62.03202662037037
21.96969696969697,79.0909090909091,21.96969696969697,0.4393939393939394,1.6426647727272727,39.40265385866237,63.45440954048055
22.272727272727273,80.18181818181819,22.272727272727273,0.4454545454545455,1.6653920454545454,40.5085231577135,64.89209702134985
22.575757575757578,81.27272727272728,22.575757575757578,0.4515151515151516,1.6881193181818184,41.629697017523725,66.34508906297827
22.87878787878788,82.36363636363636,22.87878787878788,0.4575757575757576,1.7108465909090909,42.76617543809305,67.81338566536579
23.181818181818183,83.45454545454547,23.181818181818183,0.4636363636363637,1.7335738636363638,43.91795841942149,69.2969868285124
23.484848484848484,84.54545454545455,23.484848484848484,0.4696969696969697,1.7563011363636363,45.085045961509024,70.79589255241811
23.78787878787879,85.63636363636364,23.78787878787879,0.47575757575757577,1.7790284090909092,46.26743806435567,72.31010283708295
24.09090909090909,86.72727272727272,24.09090909090909,0.4818181818181818,1.8017556818181817,47.46513472796142,73.83961768250687
24.393939393939394,87.81818181818183,24.393939393939394,0.4878787878787879,1.8244829545454546,48.67813595232629,75.38443708868994
24.6969696969697,88.90909090909092,24.6969696969697,0.493939393939394,1.8472102272727273,49.90644173745026,76.94456105563208
25.0,90.0,25.0,0.5,1.8699375,51.15005208333333,78.51998958333333
25.303030303030305,91.0909090909091,25.303030303030305,0.5060606060606061,1.8926647727272727,52.40896698997551,80.1107226717937
25.606060606060606,92.18181818181819,25.606060606060606,0.5121212121212121,1.9153920454545454,53.68318645737679,81.71676032101315
25.90909090909091,93.27272727272728,25.90909090909091,0.5181818181818182,1.9381193181818182,54.97271048553719,83.33810253099173
26.21212121212121,94.36363636363636,26.21212121212121,0.5242424242424242,1.9608465909090909,56.277539074456676,84.9747493017294
26.515151515151516,95.45454545454545,26.515151515151516,0.5303030303030303,1.9835738636363636,57.59767222413529,86.62670063322619
26.81818181818182,96.54545454545456,26.81818181818182,0.5363636363636364,2.006301136363636,58.933109934573004,88.29395652548209
27.12121212121212,97.63636363636364,27.12121212121212,0.5424242424242425,2.029028409090909,60.28385220576981,89.97651697849709
27.424242424242426,98.72727272727273,27.424242424242426,0.5484848484848486,2.0517556818181815,61.64989903772574,91.6743819922712
27.727272727272727,99.81818181818181,27.727272727272727,0.5545454545454546,2.0744829545454544,63.031250430440764,93.3875515668044
28.03030303030303,100.90909090909092,28.03030303030303,0.5606060606060607,2.097210227272727,64.4279063839149,95.11602570209672
28.333333333333336,102.00000000000001,28.333333333333336,0.5666666666666668,2.1199375,65.83986689814814,96.85980439814814
28.636363636363637,103.0909090909091,28.636363636363637,0.5727272727272728,2.1426647727272723,67.2671319731405,98.61888765495868
28.93939393939394,104.18181818181819,28.93939393939394,0.5787878787878789,2.1653920454545452,68.70970160889195,100.39327547252832
29.242424242424242,105.27272727272728,29.242424242424242,0.5848484848484848,2.1881193181818177,70.1675758054025,102.18296785085705
29.545454545454547,106.36363636363637,29.545454545454547,0.5909090909090909,2.2108465909090906,71.64075456267217,103.9879647899449
29.848484848484848,107.45454545454545,29.848484848484848,0.5969696969696969,2.233573863636363,73.12923788070094,105.80826628979185
30.151515151515152,108.54545454545455,30.151515151515152,0.603030303030303,2.256301136363636,74.63302575948883,107.64387235039791
30.454545454545457,109.63636363636364,30.454545454545457,0.6090909090909091,2.279028409090909,76.15211819903583,109.4947829717631
30.757575757575758,110.72727272727273,30.757575757575758,0.6151515151515151,2.3017556818181815,77.6865151993419,111.36099815388735
31.060606060606062,111.81818181818183,31.060606060606062,0.6212121212121212,2.3244829545454544,79.2362167604071,113.24251789677075
31.363636363636363,112.9090909090909,31.363636363636363,0.6272727272727273,2.347210227272727,80.8012228822314,115.13934220041321
31.666666666666668,114.0,31.666666666666668,0.6333333333333334,2.3699375,82.38153356481482,117.05147106481482
31.96969696969697,115.0909090909091,31.96969696969697,0.6393939393939394,2.3926647727272723,83.97714880815731,118.97890448997549
32.27272727272727,116.18181818181819,32.27272727272727,0.6454545454545455,2.4153920454545452,85.58806861225895,120.92164247589531
32.57575757575758,117.27272727272728,32.57575757575758,0.6515151515151516,2.438119318181818,87.21429297711968,122.87968502257422
32.878787878787875,118.36363636363636,32.878787878787875,0.6575757575757575,2.46084659090909,88.85582190273949,124.85303213001222
33.18181818181819,119.45454545454548,33.18181818181819,0.6636363636363638,2.4835738636363636,90.51265538911848,126.8416837982094
33.484848484848484,120.54545454545455,33.484848484848484,0.6696969696969697,2.506301136363636,92.1847934362565,128.8456400271656
33.78787878787879,121.63636363636364,33.78787878787879,0.6757575757575758,2.529028409090909,93.87223604415367,130.86490081688095
34.09090909090909,122.72727272727273,34.09090909090909,0.6818181818181819,2.551755681818182,95.57498321280993,132.89946616735537
34.39393939393939,123.81818181818181,34.39393939393939,0.6878787878787879,2.574482954545454,97.29303494222525,134.94933607858889
34.6969696969697,124.90909090909093,34.6969696969697,0.6939393939393941,2.5972102272727273,99.02639123239977,137.0145105505816
35.0,126.0,35.0,0.7000000000000001,2.6199375,100.77505208333332,139.09498958333333
