Dimension,Workload,Parameter,Metric_Value,Verdict
Data,ResNet8 (Vision),100%,87.0% Acc,Pass
Data,ResNet8 (Vision),50%,80.47% Acc,Recorded Miss
Data,ResNet8 (Vision),25%,77.21% Acc,Recorded Miss
Data,ResNet8 (Vision),10%,75.25% Acc,Recorded Miss
Algorithm,DistilBERT (NLP),FP32,5.17ms,Pass
Algorithm,DistilBERT (NLP),FP16,16.22ms,Pass
Algorithm,DistilBERT (NLP),INT8,2.07ms,Recorded Miss
Machine,ResNet8 (Vision Dense GEMM),MPS Speedup,6.68x,Evaluated
Machine,DistilBERT (NLP Attention),MPS Speedup,1.21x,Evaluated
